loc,info
和平公园,"和平公园
地址：上海市虹口区天宝路891号
电话：(021)65030518
坐标：121.509619,31.2764"
黄兴公园,"坐标：121.539682,31.301776"
杨浦公园,"坐标：121.542675,31.286465"
新江湾城公园,"新江湾城公园
地址：政和路与国秀路交叉口北200米
坐标：121.519911,31.339313"
民星公园,"民星公园
地址：杨浦区嫩江路1111号(近中原路)
电话：(021)65575047
坐标：121.541134,31.320106"
四平科技公园,"四平科技公园
地址：上海市杨浦区四平路1777号
电话：(021)65101142
坐标：121.512791,31.293276"
共青森林公园,"共青国家森林公园
地址：上海市杨浦区军工路2000号
电话：(021)65328194
坐标：121.55837,31.325265"
